;numTarMovMes;establecimiento;nroAut;planCuot;numCuot;moneda;importe;codPais;importeOrig;binTarj;nombreComercio;bancoEstablecimiento;numTarMov2000;token;numToken;posDataCode;visaRelease
0;4551362940000010;0017518069;00327725;00;00;ARP;18.48;AR;000000000000004;546570;WWW.UCES.EDU.AR      ;007;551362940000010 ;S;4551362940000010;10018168C101 ; 
1;4895370012792682;0017518069;00027356;00;00;ARP;20.0;AR;000000000000004;546570;WWW.UCES.EDU.AR      ;007;895370012792682 ;S;4895370012792682;200181684101 ; 
2;4593540003836665;0003255627;00006817;00;00;ARP;255.22;AR;000000000255224;565830;FLECHA BUS           ;007;593540003836665 ;N;                ;500101254101 ; 
3;4593540003836665;0003659307;00091140;00;00;ARP;70.0;AR;000000000070004;507990;VISA $               ;007;593540003836665 ;N;                ;200101254101 ; 
4;4593540003836665;0003659307;00087771;00;00;ARP;75.0;AR;000000000075004;507990;VISA $               ;007;593540003836665 ;N;                ;200101254101 ; 
5;4123220000000222;0003659307;00500978;00;00;ARP;15.0;AR;000000000015004;507990;VISA $               ;998;123220000000222 ;S;4123220000000222;M00101M54101 ; 
6;4509800000612268;0003659307;00003452;00;00;ARP;299.02;AR;000000000299024;507990;VISA $               ;072;509800000612268 ;N;                ;200101254101 ; 
7;4782041000000000;0003659307;00066838;00;00;ARP;299.0;AR;000000000299004;507990;VISA $               ;998;782041000000000 ;N;                ;200101254101 ; 
8;4782041000000000;0003659307;00052764;00;00;ARP;203.0;AR;000000000203004;507990;VISA $               ;998;782041000000000 ;N;                ;200101254101 ; 
9;4782041000000000;0003659307;00075140;00;00;ARP;103.0;AR;000000000103004;507990;VISA $               ;998;782041000000000 ;N;                ;200101254101 ; 
10;4782041000000000;0003659307;00016877;00;00;ARP;106.0;AR;000000000106004;507990;VISA $               ;998;782041000000000 ;N;                ;200101254101 ; 
11;4782041000000000;0003659307;00090306;00;00;ARP;112.0;AR;000000000112004;507990;VISA $               ;998;782041000000000 ;N;                ;200101254101 ; 
12;4782041000000000;0003659307;00092277;00;00;ARP;118.0;AR;000000000118004;507990;VISA $               ;998;782041000000000 ;N;                ;200101254101 ; 
13;4509800000612268;0003659307;00003912;00;00;ARP;103.02;AR;000000000103024;507990;VISA $               ;072;509800000612268 ;N;                ;200101254101 ; 
14;4509800000612268;0003659307;00003677;00;00;ARP;106.02;AR;000000000106024;507990;VISA $               ;072;509800000612268 ;N;                ;200101254101 ; 
15;4509800000612268;0003659307;00003387;00;00;ARP;112.02;AR;000000000112024;507990;VISA $               ;072;509800000612268 ;N;                ;200101254101 ; 
16;4509800000612268;0003659307;00003254;00;00;ARP;118.02;AR;000000000118024;507990;VISA $               ;072;509800000612268 ;N;                ;200101254101 ; 
17;4509800000612268;0003659307;00003143;00;00;ARP;203.02;AR;000000000203024;507990;VISA $               ;072;509800000612268 ;N;                ;200101254101 ; 
18;4593540003836665;0003659307;00077771;00;00;ARP;299.02;AR;000000000299024;507990;VISA $               ;007;593540003836665 ;N;                ;200101254101 ; 
19;4895370012792682;0017518069;00015542;00;00;ARP;30.0;AR;000000000030004;546570;WWW.UCES.EDU.AR      ;998;895370012792682 ;S;4895370012792682;100181684101 ; 
20;4895390000000013;0017518069;00066838;00;00;ARP;20.0;AR;000000000020004;546570;WWW.UCES.EDU.AR      ;998;895390000000013 ;S;4895390000000013;200171684101 ; 
21;4895370012792682;0017518069;00025542;00;00;ARP;20.0;AR;000000000020004;546570;WWW.UCES.EDU.AR      ;998;895370012792682 ;S;4895370012792682;200181684101 ; 
22;4593540003836665;0017865668;00007875;00;00;ARP;255.5;AR;000000000255504;546570;SPORT MARKET         ;007;593540003836665 ;N;                ;500101254101 ; 
23;4517177260000025;0032666208;00096953;00;00;ARP;15.0;AR;000000000015004;508320;MI POSNET            ;017;517177260000025 ;S;4517177260000025;M00101M54101 ; 
24;4593540003836665;0035172352;00006818;03;01;ARP;251.33;AR;000000000753994;507990;PRUEBAS SWITCHING 2  ;007;593540003836665 ;N;                ;500101254101 ; 
25;4517177260000025;0060732120;00003636;00;00;ARP;17.0;AR;000000000017004;540750;HELADERIA GRIDO PRUEB;017;517177260000025 ;S;4517177260000025;M00101M54101 ; 
26;4517177260000025;0060732120;00005868;00;00;ARP;27.0;AR;000000000027004;540750;HELADERIA GRIDO PRUEB;017;517177260000025 ;S;4517177260000025;M00101M54101 ; 
